Title,URL,Description
"
Life
",/,
,/,
,/,
,https://parade.com/reset/,
,https://parade.com/reset/,
,https://parade.com/reset/,
,https://parade.com/reset/,
,/user-agreement,
,https://www.instagram.com/parade.media/,
,/user-agreement,
,/user-agreement,
,/,
,https://parade.com/entertainment/,
,https://parade.com/entertainment/,
,/newsletter,
,/newsletter,
,#,
,https://parade.com/login/?redirect_to=https%3A%2F%2Fparade.com%2F937586%2Fparade%2Flife-quotes%2F,
,https://parade.com/login/?redirect_to=https%3A%2F%2Fparade.com%2F937586%2Fparade%2Flife-quotes%2F,
,https://parade.com/login/?redirect_to=https%3A%2F%2Fparade.com%2F937586%2Fparade%2Flife-quotes%2F,
,https://parade.com/login/?redirect_to=https%3A%2F%2Fparade.com%2F937586%2Fparade%2Flife-quotes%2F,
,https://parade.com/login/?redirect_to=https%3A%2F%2Fparade.com%2F937586%2Fparade%2Flife-quotes%2F,
,https://parade.com/login/?redirect_to=https%3A%2F%2Fparade.com%2F937586%2Fparade%2Flife-quotes%2F,
,https://parade.com/login/?redirect_to=https%3A%2F%2Fparade.com%2F937586%2Fparade%2Flife-quotes%2F,
"
Life
",https://parade.com/living/,
"
Life
",https://parade.com/living/,
,#comments,
,#addthis,
,#addthis,
,#,
,https://parade.com/940091/life-quotes-dolly/,
,https://parade.com/940077/life-quotes-dl/,
,https://parade.com/940091/life-quotes-dolly/,
,https://parade.com/983981/quotes-about-life-22/,
,#addthis,
,#addthis,
Login,https://parade.com/reset/,
Login,https://parade.com/reset/,
Login,https://parade.com/reset/,
,https://parade.com/reset/,
,https://parade.com/reset/,
,https://parade.com/reset/,
Sign up,/privacy-policy/,
Sign up,/privacy-policy/,
,/privacy-policy/,
,/privacy-policy/,
,/privacy-policy/,
,https://parade.com/login/,
Reset Password,https://parade.com/login/,
Reset Password,https://parade.com/login/,
,https://parade.com/login/,
,https://parade.com/login/,
,https://parade.com/login/,
,https://parade.com/register/,
"
most commented
",https://parade.com/1012420/nicolepajer/best-online-games/,
"
most commented
",https://parade.com/1012420/nicolepajer/best-online-games/,
top voices,https://parade.com/member/paulettecohn/,
,https://www.parade.com,
,https://www.parade.com,
,https://www.parade.com,
,https://www.instagram.com/parade.media,
,https://www.instagram.com/parade.media,
,https://www.instagram.com/parade.media,
,https://www.pinterest.com/parademag,
,https://www.youtube.com/user/ParadeMagazine,
,https://www.twitter.com/ParadeMagazine,
,https://www.facebook.com/parademag,
,https://parade.com/entertainment/,
,https://parade.com/entertainment/,
,https://parade.com/entertainment/,
,https://parade.com/food/,
,https://parade.com/health/,
,https://parade.com/living/,
,https://parade.com/culture/,
,/user-agreement/,
,/user-agreement/,
,/user-agreement/,
,/user-agreement/,
,http://www.athlonmediagroup.com/parade/,
,https://parade.com/healthy-now/,
,https://parade.com/healthy-now/,
